{
  "timestamp": 1748212726.7330172,
  "confidence_scoring": {
    "task_analysis_times": [
      1.1920928955078125e-05,
      8.106231689453125e-06,
      6.9141387939453125e-06,
      8.106231689453125e-06,
      6.9141387939453125e-06,
      7.867813110351562e-06,
      7.867813110351562e-06,
      7.152557373046875e-06,
      6.9141387939453125e-06,
      6.9141387939453125e-06,
      8.821487426757812e-06,
      8.106231689453125e-06,
      1.0967254638671875e-05,
      7.867813110351562e-06,
      1.0013580322265625e-05
    ],
    "agent_confidence_times": [
      3.790855407714844e-05,
      2.9802322387695312e-05,
      2.8133392333984375e-05,
      2.8848648071289062e-05,
      2.7894973754882812e-05,
      3.0994415283203125e-05,
      2.9087066650390625e-05,
      2.9087066650390625e-05,
      2.8848648071289062e-05,
      2.9087066650390625e-05,
      3.409385681152344e-05,
      3.0040740966796875e-05,
      3.123283386230469e-05,
      2.9087066650390625e-05,
      3.0994415283203125e-05
    ],
    "collaboration_recommendation_times": [
      3.695487976074219e-05,
      3.62396240234375e-05,
      3.3855438232421875e-05,
      3.504753112792969e-05,
      3.504753112792969e-05,
      3.719329833984375e-05,
      3.4809112548828125e-05,
      3.504753112792969e-05,
      3.409385681152344e-05,
      3.409385681152344e-05,
      3.0994415283203125e-05,
      3.3855438232421875e-05,
      3.0040740966796875e-05,
      3.504753112792969e-05,
      3.1948089599609375e-05
    ],
    "complexity_by_task_type": {
      "simple_tasks": [
        0.5,
        0.5,
        0.5,
        0.5,
        0.5
      ],
      "medium_tasks": [
        0.5,
        0.5,
        0.2,
        0.5,
        0.5
      ],
      "complex_tasks": [
        0.9,
        0.8,
        0.8,
        0.7,
        0.6
      ]
    },
    "statistics": {
      "avg_task_analysis_time": 8.296966552734374e-06,
      "max_task_analysis_time": 1.1920928955078125e-05,
      "avg_confidence_time": 3.0342737833658854e-05,
      "max_confidence_time": 3.790855407714844e-05,
      "avg_collaboration_time": 3.428459167480469e-05,
      "total_operations": 45
    }
  },
  "task_routing": {
    "routing_times": [
      8.082389831542969e-05,
      7.700920104980469e-05,
      6.985664367675781e-05,
      7.200241088867188e-05,
      7.200241088867188e-05,
      7.605552673339844e-05,
      7.176399230957031e-05,
      7.176399230957031e-05,
      7.104873657226562e-05,
      0.00010418891906738281,
      8.702278137207031e-05,
      8.392333984375e-05,
      7.891654968261719e-05,
      8.392333984375e-05,
      8.177757263183594e-05
    ],
    "planning_decision_times": [
      6.9141387939453125e-06,
      4.291534423828125e-06,
      3.0994415283203125e-06,
      4.0531158447265625e-06,
      3.814697265625e-06,
      6.198883056640625e-06,
      4.0531158447265625e-06,
      5.0067901611328125e-06,
      3.814697265625e-06,
      4.0531158447265625e-06,
      5.7220458984375e-06,
      5.0067901611328125e-06,
      5.0067901611328125e-06,
      5.245208740234375e-06,
      5.0067901611328125e-06
    ],
    "fallback_chain_times": [],
    "routing_accuracy": {
      "simple_tasks": [
        {
          "confidence": 0.63,
          "requires_planning": false,
          "collaboration_count": 0
        },
        {
          "confidence": 0.63,
          "requires_planning": false,
          "collaboration_count": 0
        },
        {
          "confidence": 0.63,
          "requires_planning": false,
          "collaboration_count": 0
        },
        {
          "confidence": 0.6375,
          "requires_planning": false,
          "collaboration_count": 0
        },
        {
          "confidence": 0.63,
          "requires_planning": false,
          "collaboration_count": 0
        }
      ],
      "medium_tasks": [
        {
          "confidence": 0.63,
          "requires_planning": false,
          "collaboration_count": 0
        },
        {
          "confidence": 0.68,
          "requires_planning": false,
          "collaboration_count": 0
        },
        {
          "confidence": 0.63,
          "requires_planning": false,
          "collaboration_count": 0
        },
        {
          "confidence": 0.5599999999999999,
          "requires_planning": false,
          "collaboration_count": 0
        },
        {
          "confidence": 0.5599999999999999,
          "requires_planning": false,
          "collaboration_count": 0
        }
      ],
      "complex_tasks": [
        {
          "confidence": 0.7225,
          "requires_planning": true,
          "collaboration_count": 2
        },
        {
          "confidence": 0.6375,
          "requires_planning": true,
          "collaboration_count": 1
        },
        {
          "confidence": 0.675,
          "requires_planning": true,
          "collaboration_count": 0
        },
        {
          "confidence": 0.6375,
          "requires_planning": true,
          "collaboration_count": 0
        },
        {
          "confidence": 0.63,
          "requires_planning": true,
          "collaboration_count": 1
        }
      ]
    },
    "statistics": {
      "avg_routing_time": 7.880528767903646e-05,
      "max_routing_time": 0.00010418891906738281,
      "avg_planning_decision_time": 4.752477010091146e-06,
      "total_routing_operations": 15
    }
  },
  "mode_management": {
    "complexity_analysis_times": [
      4.291534423828125e-06,
      3.0994415283203125e-06,
      2.86102294921875e-06,
      3.0994415283203125e-06,
      4.0531158447265625e-06
    ],
    "plan_creation_times": [
      8.821487426757812e-06,
      7.867813110351562e-06,
      7.152557373046875e-06,
      7.867813110351562e-06,
      7.867813110351562e-06
    ],
    "plan_confidence_times": [
      2.1457672119140625e-06,
      2.1457672119140625e-06,
      9.5367431640625e-07,
      1.1920928955078125e-06,
      1.1920928955078125e-06
    ],
    "statistics": {
      "avg_complexity_time": 3.4809112548828124e-06,
      "avg_plan_creation_time": 7.915496826171876e-06,
      "avg_plan_confidence_time": 1.52587890625e-06,
      "total_mode_operations": 15
    }
  },
  "bottlenecks": [],
  "optimization_opportunities": {
    "high_impact": [
      "Implement memoization for task analysis results",
      "Cache agent capability matching calculations",
      "Pre-compute agent compatibility matrices",
      "Optimize keyword matching algorithms in confidence scoring"
    ],
    "medium_impact": [
      "Implement intelligent caching for routing decisions",
      "Optimize task decomposition algorithms",
      "Cache mode management decisions for similar tasks",
      "Implement batch processing for multiple confidence calculations"
    ],
    "low_impact": [
      "Optimize string processing in task analysis",
      "Reduce object creation overhead",
      "Implement connection pooling for external services",
      "Optimize logging and monitoring overhead"
    ]
  }
}